{"results":[{"times":[0.022856152,0.022971698,0.022956293,0.022871565,0.022952525,0.022671956,0.022990924,0.022443898,0.022997562,0.022543373,0.022817252,0.02257257,0.022586887,0.022429764,0.022761551,0.022670272,0.022560774,0.023615479,0.022551372,0.022427856,0.023135536,0.023020333,0.022877572,0.023483844,0.022651116,0.022392948,0.022522404,0.022579247,0.022763671,0.022415918,0.022328792,0.022484802,0.022653714,0.021895727,0.022371804,0.022081431,0.021929538,0.022080115,0.022100182,0.022153945,0.023588921,0.021854885,0.021957980,0.022105151,0.021735994,0.022066559,0.022027723,0.022355751,0.022198967,0.022584760,0.022319452,0.023080322,0.022426119,0.021849041,0.022549564,0.022422971,0.022861356,0.022498896,0.022795614,0.022556488,0.022547895,0.022807012,0.022959198,0.022494195,0.022744448,0.022519314,0.022767022,0.022731802,0.023341383,0.022567528,0.023371877,0.022666328,0.022403334,0.022785971,0.022715688,0.023531259,0.022759413,0.023406735,0.022530885,0.023063207,0.022488053,0.022710984,0.022708350,0.022640263,0.022453644,0.022663611,0.022699587,0.022914825,0.022867594,0.023289224,0.022990562,0.023012677,0.022901181,0.023808095,0.02292287,0.023173051,0.022915288,0.022723771,0.02255456,0.023166939,0.022472803,0.022486961,0.022593461,0.022717739,0.02243399,0.023041124,0.022094582,0.022736715,0.022587847,0.023124162,0.02261683,0.022836349,0.022274163,0.022964213,0.022365491,0.022792310,0.022661727,0.02284546,0.022613861,0.023214882,0.022566080,0.022985692,0.022472971,0.022292062,0.023048942,0.022718243,0.022906281,0.022563127,0.023053949,0.022718492,0.023197047000000002],"parameters":{"node_version":"before"}},{"command":"./after -e 0","mean":0.020195120756944452,"stddev":0.00032359530278306287,"median":0.020154635500000004,"user":0.01397225,"system":0.006602055555555556,"min":0.019356810,"max":0.021201408,"times":[0.020753674,0.020746028,0.020416943,0.020826304,0.020818601,0.020412043,0.020276832,0.020276078,0.020015403,0.020028757,0.020246437,0.020068371,0.020682048,0.020715183,0.020682802,0.020400924,0.020571827,0.02003255,0.020000841,0.019983756,0.020015672,0.020233916,0.020247878,0.020097057,0.020041385,0.020361732,0.020000398,0.020068249,0.020335113,0.01991425,0.020186602,0.020146849,0.01964973,0.020311873,0.020086985,0.020631081,0.020522879,0.020316672,0.020425217,0.020322236,0.020419375,0.020737555,0.020520813,0.021037587,0.020407207,0.020985881,0.01992278,0.020091919,0.019894776,0.01990936,0.020112673,0.020204226,0.020694945,0.020155996,0.020087214,0.020056134,0.020685794,0.020145321,0.02048536,0.0205451,0.020334293,0.020366908,0.020585517,0.020313512,0.019778792,0.020261409,0.019849837,0.020106348,0.020356105,0.020090393,0.020294584,0.019952089,0.020089323,0.020153275,0.020229845,0.019771472,0.020354893,0.01992715,0.020195562,0.020174619,0.020335876,0.020005151,0.020427418,0.019952131,0.020081743,0.019679533,0.019825655,0.02017738,0.02014198,0.020285598,0.019899465,0.019791084,0.019875073,0.019709798,0.019651023,0.02036835,0.019948735,0.020114184,0.020151742,0.019997985,0.019932035,0.01992853,0.019782369,0.019817943,0.019827814,0.020544235,0.020248735,0.02059261,0.020351928,0.020537118,0.020638623,0.020088773,0.020229275,0.02028342,0.0201333,0.02020394,0.01993574,0.020063533,0.020093368,0.020521711,0.020468455,0.021201408,0.0203243,0.020440260,0.019870486,0.020057965,0.019844144,0.019820841,0.019948771,0.019948368,0.020161730,0.019860660,0.02082149,0.020517997,0.020327233,0.020526478,0.019868860,0.019753615,0.019870356,0.019737928,0.019356810,0.019882968,0.019546746,0.019607498],"parameters":{"node_version":"after"}}]}
