{"results":[{"times":[0.02324431,0.023100841,0.023687351,0.023151879,0.02296323,0.022932842,0.022869223,0.023045846,0.02310668,0.023178675,0.023796543,0.022737047,0.023131414,0.023095999,0.023182084,0.023796687,0.023706883,0.024439924,0.023469652,0.022643731,0.023259964,0.022739423,0.023155382,0.022565276,0.023077856,0.023524098,0.022821645,0.023094058,0.022574119,0.023142923,0.022952915,0.023239325,0.022696937,0.023221081,0.022861555,0.022638442,0.022979042,0.023168947,0.022894335,0.023272793,0.022760791,0.023163373,0.022635892,0.023108769,0.022492004,0.023281154,0.022800347,0.023218606,0.022864057,0.023328373,0.023020267,0.022962595,0.023042007,0.022920933,0.023247902,0.023015468,0.022930014,0.022786104,0.023378427,0.023125398,0.023030298,0.022671,0.023215667,0.022776,0.023229065,0.022605732,0.023096817,0.022805996,0.023160613,0.022735283,0.023164551,0.022856778,0.023147345,0.022544363,0.023225176,0.023151478,0.023091194,0.022922216,0.023494026,0.02283607,0.022967854,0.022798274,0.023273865,0.022755323,0.023489201,0.022878115,0.023372936,0.023092,0.023356444,0.023113073,0.023506343,0.023065661,0.023054884,0.022871543,0.023260147,0.023243956,0.023041155,0.022867384,0.023853456,0.022921225,0.023058441,0.022808745,0.023222843,0.022657794,0.022619622,0.022796564,0.023025049,0.022851773,0.022929259,0.022685018,0.023047488,0.022906257,0.023162129,0.022783212,0.023328659,0.022784977,0.023139172,0.022798857,0.023206755,0.023129982,0.023165059,0.022667228,0.022823652,0.02264301,0.023208645,0.022841094,0.022987177,0.023091551,0.023290133],"parameters":{"node_version":"before"}},{"times":[0.021880201,0.022217388,0.022238338,0.022023862,0.022378731,0.022247918,0.022003231,0.022049028,0.022099859,0.022079046,0.022131597,0.022531912,0.022144319,0.021899642,0.021942009,0.02190929,0.021869193,0.022036182,0.022110679,0.022009424,0.022926997,0.022314612,0.022076002,0.021874331,0.022092351,0.021783835,0.022090748,0.021746709,0.021752564,0.02172947,0.021868793,0.02171354,0.021827057,0.021690679,0.022172513,0.021790254,0.021979316,0.021834727,0.022242613,0.021622608,0.022335179,0.021793679,0.022095393,0.021764451,0.021960257,0.021637508,0.021821036,0.02172678,0.021923649,0.021872226,0.022115756,0.021750252,0.022710249,0.021864655,0.022008774,0.021810944,0.022411231,0.021819546,0.022509045,0.021878872,0.022336509,0.021964862,0.022505748,0.021942792,0.021989616,0.021968012,0.022080541,0.021674524,0.02201786,0.021982884,0.021990079,0.021839209,0.022059801,0.022285393,0.022057885,0.021748234,0.022201974,0.022368174,0.022346779,0.021920517,0.021923202,0.022414289,0.021861281,0.022160595,0.021876152,0.021745632,0.022253094,0.021970977,0.022160845,0.021881924,0.022338909,0.021696216,0.022045682,0.021765715,0.022103775,0.021674632,0.02161859,0.021724766,0.022123701,0.021804517,0.021669545,0.021647372,0.022189479,0.021465563,0.02207257,0.021412874,0.02195955,0.022137453,0.021698953,0.022189366,0.021756784,0.021575495,0.022224096,0.022829034,0.022156802,0.021933486,0.02222214,0.021886754,0.022087662,0.021935683,0.021860048,0.02157716,0.022076892,0.021579206,0.021791056,0.021679369,0.022376046,0.021657336,0.021858532,0.021716089,0.022371187,0.021582034,0.022149927,0.021873952,0.022122618,0.021707699,0.022232712],"parameters":{"node_version":"after"}}]}
