{"results":[{"times":[0.02335345,0.02323752,0.023329006,0.022727795,0.022802781,0.02333362,0.02330272,0.023220747,0.023016884,0.023635417,0.023484855,0.023283184,0.023272798,0.023404506,0.023238548,0.023213072,0.023096973,0.023472406,0.023780654,0.023433844,0.023546531,0.023377405,0.023172382,0.023146784,0.023384411,0.023218061,0.023496106,0.023179719,0.023339779,0.023433686,0.02316876,0.023299819,0.02348227,0.023396854,0.022999847,0.023185819,0.023171506,0.023180333,0.02337571,0.023121059,0.023283706,0.023058015,0.023470016,0.023389236,0.023079864,0.024314635,0.025494114,0.023668773,0.023465761,0.023063801,0.023086042,0.023170435,0.023375524,0.023387527,0.023297651,0.023264366,0.023297303,0.023406055,0.023485449,0.023366206,0.023405959,0.023468757,0.022911874,0.023230369,0.023364505,0.023313842,0.023264754,0.023329983,0.02320969,0.023160473,0.023163953,0.023351639,0.023291515,0.02319524,0.022735621,0.023281878,0.023463607,0.023371009,0.022738605,0.023281806,0.02327357,0.023111292,0.023774075,0.023075862,0.023189947,0.023225313,0.023008611,0.023221925,0.023361822,0.022995202,0.023242928,0.023197233,0.023276301,0.023532498,0.023060401,0.023172186,0.023405358,0.023252686,0.02328964,0.023518684,0.023235734,0.023131947,0.023108506,0.023313452,0.023407207,0.023318776,0.023338827,0.023028165,0.023182926,0.023189811,0.023709237,0.023630401,0.023141677,0.023307846,0.023005559,0.023335735,0.023519078,0.023334774,0.022762248,0.023441564,0.0232269,0.022867806,0.023590689,0.022653405,0.023200811,0.023135991,0.023266343,0.023594339000000002],"parameters":{"node_version":"deno"}},{"times":[0.008653304,0.008927722,0.008391442,0.008542541,0.008663016,0.008466866,0.008458005,0.008535823,0.008393883,0.008306468,0.008467218,0.008385719,0.007975495,0.00846181,0.008416581,0.008634234,0.00863757,0.008462366,0.00823428,0.008162876,0.00835279,0.008351645,0.008360119,0.008199007,0.008690595,0.008544039,0.009473133,0.008447144,0.008364174,0.008093261,0.008598624,0.008473939,0.008421341,0.008381897,0.0084017,0.008400892,0.008028405,0.008425316,0.00860983,0.008164848,0.008497757,0.008613234,0.008514885,0.008284345,0.008513969,0.008439064,0.008427724,0.008350252,0.008304336,0.008499148,0.008485073,0.00848625,0.008468168,0.008325878,0.008460001,0.00849586,0.008572916,0.008327784,0.008550044,0.008506688,0.008386237,0.00858312,0.008342902,0.008203012,0.008334449,0.008399551,0.008089913,0.008112235,0.008387548,0.008423317,0.00878513,0.008290949,0.008412039,0.008382354,0.008693904,0.008436956,0.008014215,0.007913662,0.008355638,0.00816642,0.008445768,0.008381529,0.008367571,0.008595095,0.008441449,0.008449316,0.008251892,0.008098298,0.008402811,0.008526511,0.008373185,0.008173635,0.007893824,0.008290606,0.008234918,0.008245189,0.008552507,0.00836788,0.008464211,0.008276849,0.008023438,0.008311744,0.008457699,0.008499712,0.008442656,0.008115373,0.008524341,0.008403855,0.008428997,0.008257867,0.008101227,0.008555051,0.008613272,0.008340627,0.008344494,0.008303036,0.008714263,0.008325845,0.008185853,0.0083976,0.008478755,0.008398752,0.008324482,0.008242974,0.008478521,0.00850143,0.008695784,0.008319221,0.008090002,0.008012729,0.008045179,0.008614028,0.008692532,0.008235964,0.008626562,0.008426694,0.00800484,0.007986764,0.008401158,0.008160359,0.008001143,0.008316986,0.008221363,0.008251335,0.008215734,0.008565856,0.008534315,0.008584146,0.008450201,0.008209131,0.008231858,0.008140705,0.008015242,0.008405081,0.008367291,0.00852136,0.008641394,0.008447178,0.008243601,0.008229448,0.008533171,0.008227933,0.00855763,0.008143495,0.008581425,0.008781042,0.008522755,0.008362636,0.008188285,0.008328178,0.008286461,0.008304227,0.008150647,0.008492107,0.008527058,0.008406575,0.00842146,0.008252122,0.008413749,0.008578388,0.008214533,0.008444759,0.008221942,0.008409394,0.008582967,0.008527288,0.008332369,0.008321015,0.008712944,0.008286028,0.008392679,0.008276433,0.008298952,0.008560054,0.008343016,0.00846215,0.008232601,0.008396163,0.008442527,0.008387507,0.00848469,0.008239368,0.008335084,0.008458684,0.008604032,0.00855942,0.00862563,0.008550182,0.008492406,0.008559474,0.00864012,0.008119787,0.00851848,0.008431853,0.008390967,0.00861585,0.008509578,0.008328217,0.008630778,0.008699736,0.008590498,0.008343283,0.008563031,0.008613082,0.008515429,0.008949184,0.008297802,0.008308272,0.008280199,0.008405586,0.008833236,0.008118555,0.008425397,0.009243765,0.00833492,0.008420035,0.008433248,0.008468479,0.008409951,0.008309037,0.008493,0.00883702,0.008823661,0.00882059,0.008251579,0.00827383,0.008402375,0.008479715,0.008487762,0.008381073,0.00856855,0.008014414,0.008431753,0.008627204,0.008035369,0.007934756,0.008330604,0.008137924,0.007953421,0.00788951,0.00826327,0.008508522,0.008797195,0.008463951,0.008354921,0.008116525,0.008579433,0.008203735,0.008523783,0.008403025,0.008222635,0.008430471,0.008683857,0.008273081,0.008224618,0.008240664,0.007977191,0.008050914,0.007960163,0.008431645,0.009029288,0.008552918,0.008925668,0.00846072,0.008085659,0.009020909,0.008514225,0.008224715,0.008188666,0.008186492,0.008691261,0.008625613,0.008211123,0.008424436,0.008288475,0.008385062,0.008078939,0.008166795,0.008134222,0.008355126,0.008476641,0.008348367,0.008345464,0.008260433,0.008241424,0.008311908,0.008274591,0.008366539,0.008279731,0.008320871,0.00826548,0.008214574,0.00812823,0.008462086,0.008273173,0.008283498,0.008189386,0.008182122,0.008184431,0.008399236,0.008212548,0.008296166,0.008370169,0.008264265,0.008097398,0.008187122,0.008217272,0.008293893,0.008102378,0.008223147,0.008403445,0.008783324,0.008321689,0.008286193,0.008853548,0.008419069,0.00857715,0.008785158,0.008376655,0.008395683,0.008320733,0.008403181,0.007892398,0.008112947,0.008289418,0.007914578],"parameters":{"node_version":"bun"}},
{"times":[0.023127071,0.023618239,0.023638097,0.023737573,0.023565434,0.022958151,0.02349443,0.02304731,0.02335984,0.023196139,0.023535756,0.023046603,0.023951653,0.023243338,0.023266941,0.023080347,0.023526997,0.023057381,0.023041113,0.023540249,0.022875242,0.02335865,0.023024325,0.023301933,0.02281395,0.02357255,0.023347672,0.02396818,0.02301998,0.023549651,0.022929882,0.023275032,0.022896184,0.022822436,0.023068086,0.022837484,0.023397772,0.022880611,0.023118156,0.022926056,0.023475642,0.022951375,0.022873023,0.023449217,0.022956739,0.02346305,0.023342297,0.023135491,0.022838464,0.023218621,0.0229294,0.022965599,0.022959151,0.023455489,0.02287653,0.024024771,0.023074227,0.023243122,0.022977694,0.02340831,0.022887906,0.023560502,0.02285697,0.023240525,0.023253106,0.023149183,0.023107794,0.023301793,0.022904873,0.023612992,0.023491958,0.023344897,0.023243892,0.023549003,0.022940474,0.02339169,0.023011067,0.022961864,0.022575272,0.02356009,0.023200487,0.023692414,0.023324191,0.023545275,0.02360204,0.023139882,0.022933982,0.023968157,0.02332208,0.023028943,0.023297714,0.0234996,0.022847831,0.023461211,0.022838927,0.023468866,0.022921004,0.022536921,0.023298155,0.023758551,0.023350432,0.02303702,0.023460145,0.022897304,0.023249176,0.022823299,0.022698337,0.023554242,0.022907586,0.023815251,0.022912612,0.0230429,0.023173272,0.023568294,0.024498019,0.022976752,0.022976171,0.023390704,0.022786455,0.023189561,0.022862862,0.023066721,0.022860244,0.023512557,0.023160811,0.023041006,0.024077386,0.023252297,0.02294277],